<?xml version="1.0"?>
<manifest xmlns="http://www.imsglobal.org/xsd/imscp_v1p1" xmlns:xsi="http://www.w3.org/2001/XMLSchema-instance" xsi:schemaLocation="http://www.imsglobal.org/xsd/imscp_v1p1 http://www.imsglobal.org/xsd/qti/qtiv2p2/qtiv2p2_imscpv1p2_v1p0.xsd http://ltsc.ieee.org/xsd/LOM http://www.imsglobal.org/xsd/imsmd_loose_v1p3p2.xsd" identifier="MANIFEST-tao6142633e1308b3-39002861" xmlns:imsmd="http://ltsc.ieee.org/xsd/LOM">
    <metadata>
        <schema>QTIv2.2 Package</schema>
        <schemaversion>1.0.0</schemaversion>
    </metadata>
    <organizations/>
    <resources>
                <resource identifier="i614262b80ed5310e63ed04401b2f577" type="imsqti_item_xmlv2p2" href="i614262b80ed5310e63ed04401b2f577/qti.xml">
            <metadata><imsmd:lom><imsmd:classification><imsmd:taxonPath><imsmd:source><imsmd:string xml:lang="en-US">http://www.w3.org/2000/01/rdf-schema#label</imsmd:string></imsmd:source><imsmd:taxon><imsmd:entry><imsmd:string xml:lang="en-US">Item 2</imsmd:string></imsmd:entry></imsmd:taxon></imsmd:taxonPath></imsmd:classification></imsmd:lom></metadata><file href="i614262b80ed5310e63ed04401b2f577/qti.xml"/>
                    </resource>
            </resources>
</manifest>
