<?xml version="1.0" encoding="UTF-8"?>
<assessmentItem xmlns="http://www.imsglobal.org/xsd/imsqti_v2p2" xmlns:m="http://www.w3.org/1998/Math/MathML" xmlns:xsi="http://www.w3.org/2001/XMLSchema-instance" xsi:schemaLocation="http://www.imsglobal.org/xsd/imsqti_v2p2 http://www.imsglobal.org/xsd/qti/qtiv2p2/imsqti_v2p2.xsd" identifier="i61410f72ebcea2630087dbe149878c3" title="Test E2E item 1" label="Test E2E item 1" xml:lang="en-US" adaptive="false" timeDependent="false" toolName="TAO" toolVersion="2021.09">
  <responseDeclaration identifier="RESPONSE" cardinality="multiple" baseType="identifier"/>
  <outcomeDeclaration identifier="SCORE" cardinality="single" baseType="float" normalMaximum="0"/>
  <outcomeDeclaration identifier="MAXSCORE" cardinality="single" baseType="float">
    <defaultValue>
      <value>0</value>
    </defaultValue>
  </outcomeDeclaration>
  <itemBody>
    <div class="grid-row">
      <div class="col-12">
        <choiceInteraction responseIdentifier="RESPONSE" shuffle="false" maxChoices="0" minChoices="0" orientation="vertical">
          <prompt>Test</prompt>
          <simpleChoice identifier="choice_1" fixed="false" showHide="show">choice #1</simpleChoice>
          <simpleChoice identifier="choice_2" fixed="false" showHide="show">choice #2</simpleChoice>
          <simpleChoice identifier="choice_3" fixed="false" showHide="show">choice #3</simpleChoice>
        </choiceInteraction>
      </div>
    </div>
  </itemBody>
  <responseProcessing template="http://www.imsglobal.org/question/qti_v2p2/rptemplates/match_correct"/>
</assessmentItem>
