<?xml version="1.0" encoding="UTF-8"?>
<assessmentItem xmlns="http://www.imsglobal.org/xsd/imsqti_v2p2" xmlns:m="http://www.w3.org/1998/Math/MathML" xmlns:xsi="http://www.w3.org/2001/XMLSchema-instance" xsi:schemaLocation="http://www.imsglobal.org/xsd/imsqti_v2p2 http://www.imsglobal.org/xsd/qti/qtiv2p2/imsqti_v2p2.xsd" identifier="i614262b80ed5310e63ed04401b2f577" title="Item 2" label="Item 2" xml:lang="en-US" adaptive="false" timeDependent="false" toolName="TAO" toolVersion="2021.09">
  <itemBody>
    <div class="grid-row">
      <div class="col-12">
        <p>Lorem ipsum dolor sit amet, consectetur adipisicing ...</p>
      </div>
    </div>
  </itemBody>
  <responseProcessing/>
</assessmentItem>
