<?xml version="1.0"?>
<assessmentItem xmlns="http://www.imsglobal.org/xsd/imsqti_v2p0" xmlns:xsi="http://www.w3.org/2001/XMLSchema-instance" xsi:schemaLocation="http://www.imsglobal.org/xsd/imsqti_v2p0 imsqti_v2p0.xsd" identifier="i1296215162005106000" title="World Population" timeDependent="false" adaptive="false" lang="EN">
    
	<responseDeclaration identifier="RESPONSE" cardinality="ordered" baseType="identifier">
    
            <correctResponse>
                        	<value>china</value>
                        	<value>india</value>
                        	<value>europe</value>
                        	<value>usa</value>
                        	<value>indonesia</value>
                        	<value>brazil</value>
                        	<value>pakistan</value>
                        	<value>bangaldesh</value>
                        	<value>nigeria</value>
                        	<value>russia</value>
                        	<value>japan</value>
                        	<value>mexique</value>
                    </correctResponse>
		
		
	</responseDeclaration>	
	<outcomeDeclaration identifier="SCORE" baseType="integer" cardinality="single"/>
	
	
	<itemBody>
		<div>&#xA0;<br/>
<br/>
<graphicOrderInteraction responseIdentifier="RESPONSE">
    
        	<prompt>Please order the countries (and country entities) identified by the
flags on the world map below.<br/>
Order those twelve from the country with the highest population
number to the lesser.<br/>
<br/>
<i>You can help you with the map colours grades and the
legend.</i><br/>
<i><br/>
Drag a number (below the map) and drop on a flag to define the
position of a country.</i><br/>
<br/></prompt>
             	<object data="http://tao.localdomain/filemanager/views/data/population.png" width="700" height="319"/>
    
	<hotspotChoice identifier="china" shape="rect" coords="516.3500061035156,95.81666564941406,542.3500061035156,111.81666564941406"/><hotspotChoice identifier="india" shape="rect" coords="470.3500061035156,133.81666564941406,494.3500061035156,148.81666564941406"/><hotspotChoice identifier="europe" shape="rect" coords="343.3500061035156,63.81666564941406,367.3500061035156,78.81666564941406"/><hotspotChoice identifier="usa" shape="rect" coords="134.35000610351562,83.81666564941406,161.35000610351562,100.81666564941406"/><hotspotChoice identifier="indonesia" shape="rect" coords="558.3500061035156,179.81666564941406,586.3500061035156,198.81666564941406"/><hotspotChoice identifier="pakistan" shape="rect" coords="445.3500061035156,102.81666564941406,470.3500061035156,119.81666564941406"/><hotspotChoice identifier="brazil" shape="rect" coords="220.35000610351562,191.81666564941406,244.35000610351562,209.81666564941406"/><hotspotChoice identifier="bangaldesh" shape="rect" coords="501.3500061035156,121.81666564941406,526.3500061035156,135.81666564941406"/><hotspotChoice identifier="nigeria" shape="rect" coords="334.3500061035156,154.816650390625,358.3500061035156,167.816650390625"/><hotspotChoice identifier="russia" shape="rect" coords="453.3500061035156,29.816665649414062,480.3500061035156,48.81666564941406"/><hotspotChoice identifier="japan" shape="rect" coords="584.3500061035156,91.81666564941406,609.3500061035156,109.81666564941406"/><hotspotChoice identifier="mexique" shape="rect" coords="121.35000610351562,120.81666564941406,147.35000610351562,136.81666564941406"/>       
</graphicOrderInteraction>
&#xA0;<br/>
<i>source: <a href="http://en.wikipedia.org">wikipedia</a> (flags
and population map)</i><br/></div>
	</itemBody>
	
	<responseProcessing template="http://www.imsglobal.org/question/qti_v2p0/rptemplates/match_correct"/>
</assessmentItem>
